{
  "EnvironmentConfigurations": [
    {
      "environmentType": "INT",
      "configApiBaseUrl": "https://dev.api.interfaces.records.teams.microsoft.com",
      "resourceId": "4cdeebb1-712e-4b2c-b450-eeef9fc1bc18",
      "authority": "https://login.microsoftonline.com/common",
      "serviceConfigurations": {
        "GPA": {
          "clientId": "10b74c53-e4d3-40f9-87ff-b46c872c329b",
          "redirectUri": "https://login.microsoftonline.com/common/oauth2/nativeclient",
          "extensions": {}
        },
        "DSSYNC": {
          "clientId": "c3d9ab47-b29a-4acb-9935-70f216a3deb3",
          "redirectUri": "https://login.microsoftonline.com/common/oauth2/nativeclient",
          "extensions": {}
        },
        "LROS": {
          "clientId": "ec73d46d-93d3-49b1-86e4-996b33fca112",
          "redirectUri": "https://login.microsoftonline.com/common/oauth2/nativeclient",
          "extensions": {}
        },
        "NGTPROV": {
          "clientId": "036102b5-b27c-4591-91aa-1e1eb70bdb1a",
          "redirectUri": "https://login.microsoftonline.com/common/oauth2/nativeclient",
          "extensions": {}
        }
      }
    },
    {
      "environmentType": "MultiTenant",
      "configApiBaseUrl": "https://api.interfaces.records.teams.microsoft.com",
      "resourceId": "48ac35b8-9aa8-4d74-927d-1f4a14a0b239",
      "authority": "https://login.microsoftonline.com/common",
      "serviceConfigurations": {
        "GPA": {
          "clientId": "e6fe3e2b-7019-44bf-a0e8-e1e2745081fb",
          "redirectUri": "https://login.microsoftonline.com/common/oauth2/nativeclient",
          "extensions": {}
        },
        "DSSYNC": {
          "clientId": "22e233c6-8873-48e8-a1b7-d363357d706d",
          "redirectUri": "https://login.microsoftonline.com/common/oauth2/nativeclient",
          "extensions": {}
        },
        "LROS": {
          "clientId": "0f7fe8a8-182d-4625-8e95-4cbc7a4384e0",
          "redirectUri": "https://login.microsoftonline.com/common/oauth2/nativeclient",
          "extensions": {}
        },
        "NGTPROV": {
          "clientId": "a4d23afe-0054-4eba-b30f-c99bd5314e9c",
          "redirectUri": "https://login.microsoftonline.com/common/oauth2/nativeclient",
          "extensions": {}
        }
      }
    },
    {
      "environmentType": "Ag08",
      "configApiBaseUrl": "https://api.interfaces.records.teams.eaglex.ic.gov",
      "resourceId": "48ac35b8-9aa8-4d74-927d-1f4a14a0b239",
      "authority": "https://login.microsoftonline.eaglex.ic.gov/common",
      "serviceConfigurations": {
        "GPA": {
          "clientId": "7cd1687e-80b2-41a8-9fe3-9bd47a36fd77",
          "redirectUri": "https://login.microsoftonline.eaglex.ic.gov/common/oauth2/nativeclient",
          "extensions": {}
        },
        "DSSYNC": {
          "clientId": "7cd1687e-80b2-41a8-9fe3-9bd47a36fd77",
          "redirectUri": "https://login.microsoftonline.eaglex.ic.gov/common/oauth2/nativeclient",
          "extensions": {}
        },
        "LROS": {
          "clientId": "7cd1687e-80b2-41a8-9fe3-9bd47a36fd77",
          "redirectUri": "https://login.microsoftonline.eaglex.ic.gov/common/oauth2/nativeclient",
          "extensions": {}
        },
        "NGTPROV": {
          "clientId": "7cd1687e-80b2-41a8-9fe3-9bd47a36fd77",
          "redirectUri": "https://login.microsoftonline.eaglex.ic.gov/common/oauth2/nativeclient",
          "extensions": {}
        }
      }
    },
    {
      "environmentType": "Ag09",
      "configApiBaseUrl": "https://api.interfaces.records.teams.microsoft.scloud",
      "resourceId": "48ac35b8-9aa8-4d74-927d-1f4a14a0b239",
      "authority": "https://login.microsoftonline.microsoft.scloud/common",
      "serviceConfigurations": {
        "GPA": {
          "clientId": "26f9beea-b439-45e6-88fe-b3fe6ff4387c",
          "redirectUri": "https://login.microsoftonline.microsoft.scloud/common/oauth2/nativeclient",
          "extensions": {}
        },
        "DSSYNC": {
          "clientId": "26f9beea-b439-45e6-88fe-b3fe6ff4387c",
          "redirectUri": "https://login.microsoftonline.microsoft.scloud/common/oauth2/nativeclient",
          "extensions": {}
        },
        "LROS": {
          "clientId": "26f9beea-b439-45e6-88fe-b3fe6ff4387c",
          "redirectUri": "https://login.microsoftonline.microsoft.scloud/common/oauth2/nativeclient",
          "extensions": {}
        },
        "NGTPROV": {
          "clientId": "26f9beea-b439-45e6-88fe-b3fe6ff4387c",
          "redirectUri": "https://login.microsoftonline.microsoft.scloud/common/oauth2/nativeclient",
          "extensions": {}
        }
      }
    },
    {
      "environmentType": "Gallatin",
      "configApiBaseUrl": "https://api.interfaces.records.teams.microsoftonline.cn",
      "resourceId": "48ac35b8-9aa8-4d74-927d-1f4a14a0b239",
      "authority": "https://login.partner.microsoftonline.cn/common",
      "serviceConfigurations": {
        "GPA": {
          "clientId": "3eeff3ec-e916-439a-bea9-d6768b4bc311",
          "redirectUri": "https://login.partner.microsoftonline.cn/common/oauth2/nativeclient",
          "extensions": {}
        },
        "DSSYNC": {
          "clientId": "3eeff3ec-e916-439a-bea9-d6768b4bc311",
          "redirectUri": "https://login.partner.microsoftonline.cn/common/oauth2/nativeclient",
          "extensions": {}
        },
        "LROS": {
          "clientId": "3eeff3ec-e916-439a-bea9-d6768b4bc311",
          "redirectUri": "https://login.partner.microsoftonline.cn/common/oauth2/nativeclient",
          "extensions": {}
        },
        "NGTPROV": {
          "clientId": "3eeff3ec-e916-439a-bea9-d6768b4bc311",
          "redirectUri": "https://login.partner.microsoftonline.cn/common/oauth2/nativeclient",
          "extensions": {}
        }
      }
    },
    {
      "environmentType": "Itar",
      "configApiBaseUrl": "https://api.interfaces.records.gov.teams.microsoft.us",
      "resourceId": "48ac35b8-9aa8-4d74-927d-1f4a14a0b239",
      "authority": "https://login.microsoftonline.us/common",
      "serviceConfigurations": {
        "GPA": {
          "clientId": "b72af4de-f00a-45a5-8378-aec2f317cf27",
          "redirectUri": "https://login.microsoftonline.us/common/oauth2/nativeclient",
          "extensions": {}
        },
        "DSSYNC": {
          "clientId": "b72af4de-f00a-45a5-8378-aec2f317cf27",
          "redirectUri": "https://login.microsoftonline.us/common/oauth2/nativeclient",
          "extensions": {}
        },
        "LROS": {
          "clientId": "b72af4de-f00a-45a5-8378-aec2f317cf27",
          "redirectUri": "https://login.microsoftonline.us/common/oauth2/nativeclient",
          "extensions": {}
        },
        "NGTPROV": {
          "clientId": "b72af4de-f00a-45a5-8378-aec2f317cf27",
          "redirectUri": "https://login.microsoftonline.us/common/oauth2/nativeclient",
          "extensions": {}
        }
      }
    },
    {
      "environmentType": "GCCH",
      "configApiBaseUrl": "https://api.interfaces.records.gov.teams.microsoft.us",
      "resourceId": "48ac35b8-9aa8-4d74-927d-1f4a14a0b239",
      "authority": "https://login.microsoftonline.us/common",
      "serviceConfigurations": {
        "GPA": {
          "clientId": "b72af4de-f00a-45a5-8378-aec2f317cf27",
          "redirectUri": "https://login.microsoftonline.us/common/oauth2/nativeclient",
          "extensions": {}
        },
        "DSSYNC": {
          "clientId": "b72af4de-f00a-45a5-8378-aec2f317cf27",
          "redirectUri": "https://login.microsoftonline.us/common/oauth2/nativeclient",
          "extensions": {}
        },
        "LROS": {
          "clientId": "b72af4de-f00a-45a5-8378-aec2f317cf27",
          "redirectUri": "https://login.microsoftonline.us/common/oauth2/nativeclient",
          "extensions": {}
        },
        "NGTPROV": {
          "clientId": "b72af4de-f00a-45a5-8378-aec2f317cf27",
          "redirectUri": "https://login.microsoftonline.us/common/oauth2/nativeclient",
          "extensions": {}
        }
      }
    },
    {
      "environmentType": "DOD",
      "configApiBaseUrl": "https://api.interfaces.records.dod.teams.microsoft.us",
      "resourceId": "48ac35b8-9aa8-4d74-927d-1f4a14a0b239",
      "authority": "https://login.microsoftonline.us/common",
      "serviceConfigurations": {
        "GPA": {
          "clientId": "0a0e38c7-8ce5-4e77-a099-9a9f3c5d09aa",
          "redirectUri": "https://login.microsoftonline.us/common/oauth2/nativeclient",
          "extensions": {}
        },
        "DSSYNC": {
          "clientId": "0a0e38c7-8ce5-4e77-a099-9a9f3c5d09aa",
          "redirectUri": "https://login.microsoftonline.us/common/oauth2/nativeclient",
          "extensions": {}
        },
        "LROS": {
          "clientId": "0a0e38c7-8ce5-4e77-a099-9a9f3c5d09aa",
          "redirectUri": "https://login.microsoftonline.us/common/oauth2/nativeclient",
          "extensions": {}
        },
        "NGTPROV": {
          "clientId": "0a0e38c7-8ce5-4e77-a099-9a9f3c5d09aa",
          "redirectUri": "https://login.microsoftonline.us/common/oauth2/nativeclient",
          "extensions": {}
        }
      }
    }
  ],
  "ServiceUriSuffixes": {
    "GPA": {
      "ReprocessGroupPolicyAssignment": "Skype.Policy/groupPolicyAssignments/{groupId}/policyTypes/{policyType}/reprocess?tenantRegion={region}",
      "RefreshGroupUsers": "Skype.Policy/groupPolicyAssignments/{groupId}/refresh/users?tenantRegion={region}&userId={userId}&policyType={policyType}",
      "GetGPAGroupMembers": "Teams.InternalSupport/groups/{groupId}/users?all={all}",
      "GetGPAUserMembership": "Teams.InternalSupport/users/{userId}/memberOf",
      "GetGroupPolicyAssignment": "Skype.Policy/groupPolicyAssignments/oce/{groupId}/policyTypes/{policyType}",
      "GetGroupPolicyAssignments": "Skype.Policy/groupPolicyAssignments/oce/{groupId}/policyTypes",
      "GetPolicyAssignmentForGroups": "Skype.Policy/groupPolicyAssignments/oce?policyType={policyType}",
      "GetAllGroupPolicyAssignments": "Skype.Policy/groupPolicyAssignments/oce"
    },
    "DSSYNC": {
      "DirectoryObjectSync": "Teams.InternalSupport/ProvisioningOperations/DsRequest"
    },
    "LROS": {
      "GetBatchOperationStatusForRegion": "Skype.Policy/assignments/operations/status/{operationId}?region={region}",
      "GetAllBatchOperationStatusForRegion": "Skype.Policy/assignments/operations/status?region={region}",
      "GetBatchOperationDefinitionForRegion": "Skype.Policy/assignments/operations/definition/{operationId}?region={region}",
      "ReprocessBatchOperationForRegion": "Skype.Policy/assignments/operations/reprocess/{operationId}?region={region}"
    },
    "NGTPROV": {
      "MoveNgtProvInstance": "Teams.InternalSupport/NgtProvOperations/Failover/{sideA}/{sideB}?region={region}",
      "NgtProvInstanceFailOverStatus": "Teams.InternalSupport/NgtProvOperations/FailoverStatus?region={region}",
      "UserProvHistory": "Teams.InternalSupport/AdminStoreOperations/userHistory/{userId}/{region}",
      "GenericNgtProvCommand": "Teams.InternalSupport/ProvisioningOperations/runHandler/{region}?handler={handler}?tenant={tenant}?target={target}?serviceInstance={serviceInstance}"
    }
  }
}