﻿<?xml version="1.0" encoding="utf-8"?>
<helpItems schema="maml" xmlns="http://msh">
  <command:command xmlns:maml="http://schemas.microsoft.com/maml/2004/10" xmlns:command="http://schemas.microsoft.com/maml/dev/command/2004/10" xmlns:dev="http://schemas.microsoft.com/maml/dev/2004/10" xmlns:MSHelp="http://msdn.microsoft.com/mshelp">
    <command:details>
      <command:name>Clear-TeamsEnvironmentConfig</command:name>
      <command:verb>Clear</command:verb>
      <command:noun>TeamsEnvironmentConfig</command:noun>
      <maml:description>
        <maml:para>Clears environment-specific configurations from the local machine set by running Set-TeamsEnvironmentConfig.</maml:para>
      </maml:description>
    </command:details>
    <maml:description>
      <maml:para>This cmdlet clears environment-specific configurations from the local machine set by running Set-TeamsEnvironmentConfig. This helps in clearing and rectifying any wrong information set in Set-TeamsEnvironmentConfig.</maml:para>
    </maml:description>
    <command:syntax>
      <command:syntaxItem>
        <maml:name>Clear-TeamsEnvironmentConfig</maml:name>
      </command:syntaxItem>
    </command:syntax>
    <command:parameters />
    <command:inputTypes>
      <command:inputType>
        <dev:type>
          <maml:name>None</maml:name>
        </dev:type>
        <maml:description>
          <maml:para></maml:para>
        </maml:description>
      </command:inputType>
    </command:inputTypes>
    <command:returnValues>
      <command:returnValue>
        <dev:type>
          <maml:name>System.Object</maml:name>
        </dev:type>
        <maml:description>
          <maml:para></maml:para>
        </maml:description>
      </command:returnValue>
    </command:returnValues>
    <maml:alertSet>
      <maml:alert>
        <maml:para>We do not recommend using Clear-TeamsEnvironmentConfig in Commercial, GCC, GCC High, or DoD environments. This cmdlet is available in Microsoft Teams PowerShell module from version 5.2.0-GA.</maml:para>
      </maml:alert>
    </maml:alertSet>
    <command:examples>
      <command:example>
        <maml:title>-------------------------- Example 1 --------------------------</maml:title>
        <dev:code>PS C:\&gt; Clear-TeamsEnvironmentConfig</dev:code>
        <dev:remarks>
          <maml:para>Clears environment-specific configurations from the local machine set by running Set-TeamsEnvironmentConfig.</maml:para>
        </dev:remarks>
      </command:example>
    </command:examples>
    <command:relatedLinks />
  </command:command>
  <command:command xmlns:maml="http://schemas.microsoft.com/maml/2004/10" xmlns:command="http://schemas.microsoft.com/maml/dev/command/2004/10" xmlns:dev="http://schemas.microsoft.com/maml/dev/2004/10" xmlns:MSHelp="http://msdn.microsoft.com/mshelp">
    <command:details>
      <command:name>Connect-MicrosoftTeams</command:name>
      <command:verb>Connect</command:verb>
      <command:noun>MicrosoftTeams</command:noun>
      <maml:description>
        <maml:para>The Connect-MicrosoftTeams cmdlet connects an authenticated account for use with cmdlets from the MicrosoftTeams module.</maml:para>
      </maml:description>
    </command:details>
    <maml:description>
      <maml:para>The Connect-MicrosoftTeams cmdlet connects to Microsoft Teams with an authenticated account for use with cmdlets from the MicrosoftTeams PowerShell module. After executing this cmdlet, you can disconnect from MicrosoftTeams account using Disconnect-MicrosoftTeams. Note : With versions 4.x.x or later, enablement of basic authentication is not needed anymore in commercial, GCC, GCC High, and DoD environments.</maml:para>
    </maml:description>
    <command:syntax>
      <command:syntaxItem>
        <maml:name>Connect-MicrosoftTeams</maml:name>
        <command:parameter required="true" variableLength="true" globbing="false" pipelineInput="false" position="named" aliases="none">
          <maml:name>AccessTokens</maml:name>
          <maml:description>
            <maml:para>Specifies access tokens for "MS Graph" and "Skype and Teams Tenant Admin API" resources. Both the tokens used should be of the same type.</maml:para>
            <maml:para>- Application-based authentication has been reintroduced with version 4.7.1-preview. For details and supported cmdlets, see Application-based authentication in Teams PowerShell Module (/MicrosoftTeams/teams-powershell-application-authentication).</maml:para>
            <maml:para>- Delegated flow - The following steps must be performed by Tenant Admin in the Azure portal when using your own application. </maml:para>
            <maml:para>   Steps to configure the Microsoft Entra application.     1. Go to Azure portal and go to App Registrations.     2. Create or select the existing application.    3. Add the following permission to this Application.     4. Click API permissions.     5. Click Add a permission.     6. Click on the Microsoft Graph, and then select Delegated permissions.    7. Add the following permissions: "AppCatalog.ReadWrite.All", "Group.ReadWrite.All", "User.Read.All", "TeamSettings.ReadWrite.All", "Channel.Delete.All", "ChannelSettings.ReadWrite.All", "ChannelMember.ReadWrite.All".    8. Next, we need to add "Skype and Teams Tenant Admin API" resource permission. Click Add a permission.    9. Navigate to "APIs my organization uses"     10. Search for "Skype and Teams Tenant Admin API", and then select Delegated permissions.    11. Add all the listed permissions.     12. Grant admin consent to both Microsoft Graph and "Skype and Teams Tenant Admin API" name.</maml:para>
          </maml:description>
          <command:parameterValue required="true" variableLength="false">String[]</command:parameterValue>
          <dev:type>
            <maml:name>String[]</maml:name>
            <maml:uri />
          </dev:type>
          <dev:defaultValue>None</dev:defaultValue>
        </command:parameter>
        <command:parameter required="false" variableLength="true" globbing="false" pipelineInput="False" position="named" aliases="cf">
          <maml:name>Confirm</maml:name>
          <maml:description>
            <maml:para>Prompts you for confirmation before running the cmdlet.</maml:para>
          </maml:description>
          <dev:type>
            <maml:name>SwitchParameter</maml:name>
            <maml:uri />
          </dev:type>
          <dev:defaultValue>False</dev:defaultValue>
        </command:parameter>
        <command:parameter required="false" variableLength="true" globbing="false" pipelineInput="False" position="named" aliases="none">
          <maml:name>LogFilePath</maml:name>
          <maml:description>
            <maml:para>The path where the log file for this PowerShell session is written to. Provide a value here if you need to deviate from the default PowerShell log file location.</maml:para>
          </maml:description>
          <command:parameterValue required="true" variableLength="false">String</command:parameterValue>
          <dev:type>
            <maml:name>String</maml:name>
            <maml:uri />
          </dev:type>
          <dev:defaultValue>None</dev:defaultValue>
        </command:parameter>
        <command:parameter required="false" variableLength="true" globbing="false" pipelineInput="False" position="named" aliases="none">
          <maml:name>LogLevel</maml:name>
          <maml:description>
            <maml:para>Specifies the log level.  The acceptable values for this parameter are:</maml:para>
            <maml:para>- Info</maml:para>
            <maml:para>- Error</maml:para>
            <maml:para>- Warning</maml:para>
            <maml:para>- None</maml:para>
            <maml:para></maml:para>
            <maml:para>The default value is Info.</maml:para>
          </maml:description>
          <command:parameterValue required="true" variableLength="false">LogLevel</command:parameterValue>
          <dev:type>
            <maml:name>LogLevel</maml:name>
            <maml:uri />
          </dev:type>
          <dev:defaultValue>None</dev:defaultValue>
        </command:parameter>
        <command:parameter required="false" variableLength="true" globbing="false" pipelineInput="False" position="named" aliases="wi">
          <maml:name>WhatIf</maml:name>
          <maml:description>
            <maml:para>Shows what would happen if the cmdlet runs. The cmdlet is not run.</maml:para>
          </maml:description>
          <dev:type>
            <maml:name>SwitchParameter</maml:name>
            <maml:uri />
          </dev:type>
          <dev:defaultValue>False</dev:defaultValue>
        </command:parameter>
      </command:syntaxItem>
      <command:syntaxItem>
        <maml:name>Connect-MicrosoftTeams</maml:name>
        <command:parameter required="true" variableLength="true" globbing="false" pipelineInput="False" position="named" aliases="none">
          <maml:name>AadAccessToken (Removed from version 2.3.2-preview)</maml:name>
          <maml:description>
            <maml:para>Specifies an Azure Active Directory Graph access token. &gt; [!WARNING] &gt;This parameter has been removed from version 2.3.2-preview.</maml:para>
          </maml:description>
          <command:parameterValue required="true" variableLength="false">String</command:parameterValue>
          <dev:type>
            <maml:name>String</maml:name>
            <maml:uri />
          </dev:type>
          <dev:defaultValue>None</dev:defaultValue>
        </command:parameter>
        <command:parameter required="false" variableLength="true" globbing="false" pipelineInput="False" position="named" aliases="cf">
          <maml:name>Confirm</maml:name>
          <maml:description>
            <maml:para>Prompts you for confirmation before running the cmdlet.</maml:para>
          </maml:description>
          <dev:type>
            <maml:name>SwitchParameter</maml:name>
            <maml:uri />
          </dev:type>
          <dev:defaultValue>False</dev:defaultValue>
        </command:parameter>
        <command:parameter required="false" variableLength="true" globbing="false" pipelineInput="False" position="named" aliases="none">
          <maml:name>LogFilePath</maml:name>
          <maml:description>
            <maml:para>The path where the log file for this PowerShell session is written to. Provide a value here if you need to deviate from the default PowerShell log file location.</maml:para>
          </maml:description>
          <command:parameterValue required="true" variableLength="false">String</command:parameterValue>
          <dev:type>
            <maml:name>String</maml:name>
            <maml:uri />
          </dev:type>
          <dev:defaultValue>None</dev:defaultValue>
        </command:parameter>
        <command:parameter required="false" variableLength="true" globbing="false" pipelineInput="False" position="named" aliases="none">
          <maml:name>LogLevel</maml:name>
          <maml:description>
            <maml:para>Specifies the log level.  The acceptable values for this parameter are:</maml:para>
            <maml:para>- Info</maml:para>
            <maml:para>- Error</maml:para>
            <maml:para>- Warning</maml:para>
            <maml:para>- None</maml:para>
            <maml:para></maml:para>
            <maml:para>The default value is Info.</maml:para>
          </maml:description>
          <command:parameterValue required="true" variableLength="false">LogLevel</command:parameterValue>
          <dev:type>
            <maml:name>LogLevel</maml:name>
            <maml:uri />
          </dev:type>
          <dev:defaultValue>None</dev:defaultValue>
        </command:parameter>
        <command:parameter required="false" variableLength="true" globbing="false" pipelineInput="False" position="named" aliases="none">
          <maml:name>MsAccessToken (Removed from version 2.3.2-preview)</maml:name>
          <maml:description>
            <maml:para>Specifies a Microsoft Graph access token. &gt; [!WARNING] &gt;This parameter has been removed from version 2.3.2-preview.</maml:para>
          </maml:description>
          <command:parameterValue required="true" variableLength="false">String</command:parameterValue>
          <dev:type>
            <maml:name>String</maml:name>
            <maml:uri />
          </dev:type>
          <dev:defaultValue>None</dev:defaultValue>
        </command:parameter>
        <command:parameter required="false" variableLength="true" globbing="false" pipelineInput="False" position="named" aliases="Domain, TenantDomain">
          <maml:name>TenantId</maml:name>
          <maml:description>
            <maml:para>Specifies the ID of a tenant.</maml:para>
            <maml:para>If you do not specify this parameter, the account is authenticated with the home tenant.</maml:para>
            <maml:para>You must specify the TenantId parameter to authenticate as a service principal or when using Microsoft account.</maml:para>
          </maml:description>
          <command:parameterValue required="true" variableLength="false">String</command:parameterValue>
          <dev:type>
            <maml:name>String</maml:name>
            <maml:uri />
          </dev:type>
          <dev:defaultValue>None</dev:defaultValue>
        </command:parameter>
        <command:parameter required="false" variableLength="true" globbing="false" pipelineInput="False" position="named" aliases="wi">
          <maml:name>WhatIf</maml:name>
          <maml:description>
            <maml:para>Shows what would happen if the cmdlet runs. The cmdlet is not run.</maml:para>
          </maml:description>
          <dev:type>
            <maml:name>SwitchParameter</maml:name>
            <maml:uri />
          </dev:type>
          <dev:defaultValue>False</dev:defaultValue>
        </command:parameter>
      </command:syntaxItem>
      <command:syntaxItem>
        <maml:name>Connect-MicrosoftTeams</maml:name>
        <command:parameter required="false" variableLength="true" globbing="false" pipelineInput="False" position="named" aliases="none">
          <maml:name>AccountId</maml:name>
          <maml:description>
            <maml:para>Specifies the ID of an account.</maml:para>
          </maml:description>
          <command:parameterValue required="true" variableLength="false">String</command:parameterValue>
          <dev:type>
            <maml:name>String</maml:name>
            <maml:uri />
          </dev:type>
          <dev:defaultValue>None</dev:defaultValue>
        </command:parameter>
        <command:parameter required="false" variableLength="true" globbing="false" pipelineInput="False" position="named" aliases="cf">
          <maml:name>Confirm</maml:name>
          <maml:description>
            <maml:para>Prompts you for confirmation before running the cmdlet.</maml:para>
          </maml:description>
          <dev:type>
            <maml:name>SwitchParameter</maml:name>
            <maml:uri />
          </dev:type>
          <dev:defaultValue>False</dev:defaultValue>
        </command:parameter>
        <command:parameter required="false" variableLength="true" globbing="false" pipelineInput="False" position="named" aliases="none">
          <maml:name>Credential</maml:name>
          <maml:description>
            <maml:para>Specifies a PSCredential object. For more information about the PSCredential object, type Get-Help Get-Credential.</maml:para>
            <maml:para>The PSCredential object provides the user ID and password for organizational ID credentials.</maml:para>
          </maml:description>
          <command:parameterValue required="true" variableLength="false">PSCredential</command:parameterValue>
          <dev:type>
            <maml:name>PSCredential</maml:name>
            <maml:uri />
          </dev:type>
          <dev:defaultValue>None</dev:defaultValue>
        </command:parameter>
        <command:parameter required="false" variableLength="true" globbing="false" pipelineInput="False" position="named" aliases="none">
          <maml:name>LogFilePath</maml:name>
          <maml:description>
            <maml:para>The path where the log file for this PowerShell session is written to. Provide a value here if you need to deviate from the default PowerShell log file location.</maml:para>
          </maml:description>
          <command:parameterValue required="true" variableLength="false">String</command:parameterValue>
          <dev:type>
            <maml:name>String</maml:name>
            <maml:uri />
          </dev:type>
          <dev:defaultValue>None</dev:defaultValue>
        </command:parameter>
        <command:parameter required="false" variableLength="true" globbing="false" pipelineInput="False" position="named" aliases="none">
          <maml:name>LogLevel</maml:name>
          <maml:description>
            <maml:para>Specifies the log level.  The acceptable values for this parameter are:</maml:para>
            <maml:para>- Info</maml:para>
            <maml:para>- Error</maml:para>
            <maml:para>- Warning</maml:para>
            <maml:para>- None</maml:para>
            <maml:para></maml:para>
            <maml:para>The default value is Info.</maml:para>
          </maml:description>
          <command:parameterValue required="true" variableLength="false">LogLevel</command:parameterValue>
          <dev:type>
            <maml:name>LogLevel</maml:name>
            <maml:uri />
          </dev:type>
          <dev:defaultValue>None</dev:defaultValue>
        </command:parameter>
        <command:parameter required="false" variableLength="true" globbing="false" pipelineInput="False" position="named" aliases="Domain, TenantDomain">
          <maml:name>TenantId</maml:name>
          <maml:description>
            <maml:para>Specifies the ID of a tenant.</maml:para>
            <maml:para>If you do not specify this parameter, the account is authenticated with the home tenant.</maml:para>
            <maml:para>You must specify the TenantId parameter to authenticate as a service principal or when using Microsoft account.</maml:para>
          </maml:description>
          <command:parameterValue required="true" variableLength="false">String</command:parameterValue>
          <dev:type>
            <maml:name>String</maml:name>
            <maml:uri />
          </dev:type>
          <dev:defaultValue>None</dev:defaultValue>
        </command:parameter>
        <command:parameter required="false" variableLength="true" globbing="false" pipelineInput="False" position="named" aliases="wi">
          <maml:name>WhatIf</maml:name>
          <maml:description>
            <maml:para>Shows what would happen if the cmdlet runs. The cmdlet is not run.</maml:para>
          </maml:description>
          <dev:type>
            <maml:name>SwitchParameter</maml:name>
            <maml:uri />
          </dev:type>
          <dev:defaultValue>False</dev:defaultValue>
        </command:parameter>
        <command:parameter required="false" variableLength="true" globbing="false" pipelineInput="False" position="named" aliases="none">
          <maml:name>TeamsEnvironmentName</maml:name>
          <maml:description>
            <maml:para>Specifies the Teams environment. The following environments are supported:</maml:para>
            <maml:para>   - Commercial or GCC environments: Don't use this parameter, this is the default.     - GCC High environment: TeamsGCCH    - DoD environment: TeamsDOD    - Microsoft Teams operated by 21Vianet: TeamsChina</maml:para>
          </maml:description>
          <command:parameterValue required="true" variableLength="false">String</command:parameterValue>
          <dev:type>
            <maml:name>String</maml:name>
            <maml:uri />
          </dev:type>
          <dev:defaultValue>None</dev:defaultValue>
        </command:parameter>
        <command:parameter required="false" variableLength="true" globbing="false" pipelineInput="False" position="named" aliases="none">
          <maml:name>UseDeviceAuthentication</maml:name>
          <maml:description>
            <maml:para>Use device code authentication instead of a browser control.</maml:para>
          </maml:description>
          <dev:type>
            <maml:name>SwitchParameter</maml:name>
            <maml:uri />
          </dev:type>
          <dev:defaultValue>False</dev:defaultValue>
        </command:parameter>
      </command:syntaxItem>
      <command:syntaxItem>
        <maml:name>Connect-MicrosoftTeams</maml:name>
        <command:parameter required="true" variableLength="true" globbing="false" pipelineInput="False" position="named" aliases="none">
          <maml:name>ApplicationId</maml:name>
          <maml:description>
            <maml:para>Specifies the application ID of the service principal that is used in application-based authentication. </maml:para>
            <maml:para>This parameter has been reintroduced with version 4.7.1-preview. For more information about Application-based authentication and supported cmdlets, see Application-based authentication in Teams PowerShell Module (/MicrosoftTeams/teams-powershell-application-authentication).</maml:para>
          </maml:description>
          <command:parameterValue required="true" variableLength="false">String</command:parameterValue>
          <dev:type>
            <maml:name>String</maml:name>
            <maml:uri />
          </dev:type>
          <dev:defaultValue>None</dev:defaultValue>
        </command:parameter>
        <command:parameter required="true" variableLength="true" globbing="false" pipelineInput="False" position="named" aliases="CertificateThumbprint">
          <maml:name>Certificate</maml:name>
          <maml:description>
            <maml:para>Specifies the certificate that is used for application-based authentication. A valid value is the X509Certificate2 object value of the certificate.</maml:para>
            <maml:para>This parameter has been introduced with version 4.9.2-preview. For more information about application-based authentication and supported cmdlets, see Application-based authentication in Teams PowerShell Module (/MicrosoftTeams/teams-powershell-application-authentication).</maml:para>
          </maml:description>
          <command:parameterValue required="true" variableLength="false">X509Certificate2</command:parameterValue>
          <dev:type>
            <maml:name>X509Certificate2</maml:name>
            <maml:uri />
          </dev:type>
          <dev:defaultValue>None</dev:defaultValue>
        </command:parameter>
        <command:parameter required="true" variableLength="true" globbing="false" pipelineInput="False" position="named" aliases="none">
          <maml:name>CertificateThumbprint</maml:name>
          <maml:description>
            <maml:para>Specifies the certificate thumbprint of a digital public key X.509 certificate of an application that has permission to perform this action.</maml:para>
            <maml:para>This parameter has been reintroduced with version 4.7.1-preview. For more information about Application-based authentication and supported cmdlets, see Application-based authentication in Teams PowerShell Module (/MicrosoftTeams/teams-powershell-application-authentication).</maml:para>
          </maml:description>
          <command:parameterValue required="true" variableLength="false">String</command:parameterValue>
          <dev:type>
            <maml:name>String</maml:name>
            <maml:uri />
          </dev:type>
          <dev:defaultValue>None</dev:defaultValue>
        </command:parameter>
        <command:parameter required="false" variableLength="true" globbing="false" pipelineInput="False" position="named" aliases="cf">
          <maml:name>Confirm</maml:name>
          <maml:description>
            <maml:para>Prompts you for confirmation before running the cmdlet.</maml:para>
          </maml:description>
          <dev:type>
            <maml:name>SwitchParameter</maml:name>
            <maml:uri />
          </dev:type>
          <dev:defaultValue>False</dev:defaultValue>
        </command:parameter>
        <command:parameter required="false" variableLength="true" globbing="false" pipelineInput="False" position="named" aliases="none">
          <maml:name>LogFilePath</maml:name>
          <maml:description>
            <maml:para>The path where the log file for this PowerShell session is written to. Provide a value here if you need to deviate from the default PowerShell log file location.</maml:para>
          </maml:description>
          <command:parameterValue required="true" variableLength="false">String</command:parameterValue>
          <dev:type>
            <maml:name>String</maml:name>
            <maml:uri />
          </dev:type>
          <dev:defaultValue>None</dev:defaultValue>
        </command:parameter>
        <command:parameter required="false" variableLength="true" globbing="false" pipelineInput="False" position="named" aliases="none">
          <maml:name>LogLevel</maml:name>
          <maml:description>
            <maml:para>Specifies the log level.  The acceptable values for this parameter are:</maml:para>
            <maml:para>- Info</maml:para>
            <maml:para>- Error</maml:para>
            <maml:para>- Warning</maml:para>
            <maml:para>- None</maml:para>
            <maml:para></maml:para>
            <maml:para>The default value is Info.</maml:para>
          </maml:description>
          <command:parameterValue required="true" variableLength="false">LogLevel</command:parameterValue>
          <dev:type>
            <maml:name>LogLevel</maml:name>
            <maml:uri />
          </dev:type>
          <dev:defaultValue>None</dev:defaultValue>
        </command:parameter>
        <command:parameter required="true" variableLength="true" globbing="false" pipelineInput="False" position="named" aliases="Domain, TenantDomain">
          <maml:name>TenantId</maml:name>
          <maml:description>
            <maml:para>Specifies the ID of a tenant.</maml:para>
            <maml:para>If you do not specify this parameter, the account is authenticated with the home tenant.</maml:para>
            <maml:para>You must specify the TenantId parameter to authenticate as a service principal or when using Microsoft account.</maml:para>
          </maml:description>
          <command:parameterValue required="true" variableLength="false">String</command:parameterValue>
          <dev:type>
            <maml:name>String</maml:name>
            <maml:uri />
          </dev:type>
          <dev:defaultValue>None</dev:defaultValue>
        </command:parameter>
        <command:parameter required="false" variableLength="true" globbing="false" pipelineInput="False" position="named" aliases="wi">
          <maml:name>WhatIf</maml:name>
          <maml:description>
            <maml:para>Shows what would happen if the cmdlet runs. The cmdlet is not run.</maml:para>
          </maml:description>
          <dev:type>
            <maml:name>SwitchParameter</maml:name>
            <maml:uri />
          </dev:type>
          <dev:defaultValue>False</dev:defaultValue>
        </command:parameter>
      </command:syntaxItem>
      <command:syntaxItem>
        <maml:name>Connect-MicrosoftTeams</maml:name>
        <command:parameter required="false" variableLength="true" globbing="false" pipelineInput="False" position="named" aliases="cf">
          <maml:name>Confirm</maml:name>
          <maml:description>
            <maml:para>Prompts you for confirmation before running the cmdlet.</maml:para>
          </maml:description>
          <dev:type>
            <maml:name>SwitchParameter</maml:name>
            <maml:uri />
          </dev:type>
          <dev:defaultValue>False</dev:defaultValue>
        </command:parameter>
        <command:parameter required="false" variableLength="true" globbing="false" pipelineInput="False" position="named" aliases="none">
          <maml:name>LogFilePath</maml:name>
          <maml:description>
            <maml:para>The path where the log file for this PowerShell session is written to. Provide a value here if you need to deviate from the default PowerShell log file location.</maml:para>
          </maml:description>
          <command:parameterValue required="true" variableLength="false">String</command:parameterValue>
          <dev:type>
            <maml:name>String</maml:name>
            <maml:uri />
          </dev:type>
          <dev:defaultValue>None</dev:defaultValue>
        </command:parameter>
        <command:parameter required="false" variableLength="true" globbing="false" pipelineInput="False" position="named" aliases="none">
          <maml:name>LogLevel</maml:name>
          <maml:description>
            <maml:para>Specifies the log level.  The acceptable values for this parameter are:</maml:para>
            <maml:para>- Info</maml:para>
            <maml:para>- Error</maml:para>
            <maml:para>- Warning</maml:para>
            <maml:para>- None</maml:para>
            <maml:para></maml:para>
            <maml:para>The default value is Info.</maml:para>
          </maml:description>
          <command:parameterValue required="true" variableLength="false">LogLevel</command:parameterValue>
          <dev:type>
            <maml:name>LogLevel</maml:name>
            <maml:uri />
          </dev:type>
          <dev:defaultValue>None</dev:defaultValue>
        </command:parameter>
        <command:parameter required="false" variableLength="true" globbing="false" pipelineInput="False" position="named" aliases="wi">
          <maml:name>WhatIf</maml:name>
          <maml:description>
            <maml:para>Shows what would happen if the cmdlet runs. The cmdlet is not run.</maml:para>
          </maml:description>
          <dev:type>
            <maml:name>SwitchParameter</maml:name>
            <maml:uri />
          </dev:type>
          <dev:defaultValue>False</dev:defaultValue>
        </command:parameter>
        <command:parameter required="true" variableLength="true" globbing="false" pipelineInput="False" position="named" aliases="MSI, ManagedService">
          <maml:name>Identity</maml:name>
          <maml:description>
            <maml:para>Login using managed service identity in the current environment. For *-Cs cmdlets, this is supported from version 5.8.1-preview onwards. </maml:para>
            <maml:para>&gt; [!Note] &gt; This is currently only supported in commercial environments. A few cmdlets (/MicrosoftTeams/teams-powershell-application-authentication#cmdlets-supported)that don't support application-based authentication are not supported either.</maml:para>
          </maml:description>
          <dev:type>
            <maml:name>SwitchParameter</maml:name>
            <maml:uri />
          </dev:type>
          <dev:defaultValue>False</dev:defaultValue>
        </command:parameter>
        <command:parameter required="false" variableLength="true" globbing="false" pipelineInput="False" position="named" aliases="none">
          <maml:name>ManagedServiceHostName</maml:name>
          <maml:description>
            <maml:para>Host name for managed service login.</maml:para>
          </maml:description>
          <command:parameterValue required="true" variableLength="false">String</command:parameterValue>
          <dev:type>
            <maml:name>String</maml:name>
            <maml:uri />
          </dev:type>
          <dev:defaultValue>None</dev:defaultValue>
        </command:parameter>
        <command:parameter required="false" variableLength="true" globbing="false" pipelineInput="False" position="named" aliases="none">
          <maml:name>ManagedServicePort</maml:name>
          <maml:description>
            <maml:para>Port number for managed service login.</maml:para>
          </maml:description>
          <command:parameterValue required="true" variableLength="false">Int32</command:parameterValue>
          <dev:type>
            <maml:name>Int32</maml:name>
            <maml:uri />
          </dev:type>
          <dev:defaultValue>None</dev:defaultValue>
        </command:parameter>
        <command:parameter required="false" variableLength="true" globbing="false" pipelineInput="False" position="named" aliases="none">
          <maml:name>ManagedServiceSecret</maml:name>
          <maml:description>
            <maml:para>Secret, used for some kinds of managed service login.</maml:para>
          </maml:description>
          <command:parameterValue required="true" variableLength="false">SecureString</command:parameterValue>
          <dev:type>
            <maml:name>SecureString</maml:name>
            <maml:uri />
          </dev:type>
          <dev:defaultValue>None</dev:defaultValue>
        </command:parameter>
      </command:syntaxItem>
    </command:syntax>
    <command:parameters>
      <command:parameter required="true" variableLength="true" globbing="false" pipelineInput="false" position="named" aliases="none">
        <maml:name>AccessTokens</maml:name>
        <maml:description>
          <maml:para>Specifies access tokens for "MS Graph" and "Skype and Teams Tenant Admin API" resources. Both the tokens used should be of the same type.</maml:para>
          <maml:para>- Application-based authentication has been reintroduced with version 4.7.1-preview. For details and supported cmdlets, see Application-based authentication in Teams PowerShell Module (/MicrosoftTeams/teams-powershell-application-authentication).</maml:para>
          <maml:para>- Delegated flow - The following steps must be performed by Tenant Admin in the Azure portal when using your own application. </maml:para>
          <maml:para>   Steps to configure the Microsoft Entra application.     1. Go to Azure portal and go to App Registrations.     2. Create or select the existing application.    3. Add the following permission to this Application.     4. Click API permissions.     5. Click Add a permission.     6. Click on the Microsoft Graph, and then select Delegated permissions.    7. Add the following permissions: "AppCatalog.ReadWrite.All", "Group.ReadWrite.All", "User.Read.All", "TeamSettings.ReadWrite.All", "Channel.Delete.All", "ChannelSettings.ReadWrite.All", "ChannelMember.ReadWrite.All".    8. Next, we need to add "Skype and Teams Tenant Admin API" resource permission. Click Add a permission.    9. Navigate to "APIs my organization uses"     10. Search for "Skype and Teams Tenant Admin API", and then select Delegated permissions.    11. Add all the listed permissions.     12. Grant admin consent to both Microsoft Graph and "Skype and Teams Tenant Admin API" name.</maml:para>
        </maml:description>
        <command:parameterValue required="true" variableLength="false">String[]</command:parameterValue>
        <dev:type>
          <maml:name>String[]</maml:name>
          <maml:uri />
        </dev:type>
        <dev:defaultValue>None</dev:defaultValue>
      </command:parameter>
      <command:parameter required="true" variableLength="true" globbing="false" pipelineInput="False" position="named" aliases="none">
        <maml:name>AadAccessToken (Removed from version 2.3.2-preview)</maml:name>
        <maml:description>
          <maml:para>Specifies an Azure Active Directory Graph access token. &gt; [!WARNING] &gt;This parameter has been removed from version 2.3.2-preview.</maml:para>
        </maml:description>
        <command:parameterValue required="true" variableLength="false">String</command:parameterValue>
        <dev:type>
          <maml:name>String</maml:name>
          <maml:uri />
        </dev:type>
        <dev:defaultValue>None</dev:defaultValue>
      </command:parameter>
      <command:parameter required="false" variableLength="true" globbing="false" pipelineInput="False" position="named" aliases="none">
        <maml:name>AccountId</maml:name>
        <maml:description>
          <maml:para>Specifies the ID of an account.</maml:para>
        </maml:description>
        <command:parameterValue required="true" variableLength="false">String</command:parameterValue>
        <dev:type>
          <maml:name>String</maml:name>
          <maml:uri />
        </dev:type>
        <dev:defaultValue>None</dev:defaultValue>
      </command:parameter>
      <command:parameter required="true" variableLength="true" globbing="false" pipelineInput="False" position="named" aliases="none">
        <maml:name>ApplicationId</maml:name>
        <maml:description>
          <maml:para>Specifies the application ID of the service principal that is used in application-based authentication. </maml:para>
          <maml:para>This parameter has been reintroduced with version 4.7.1-preview. For more information about Application-based authentication and supported cmdlets, see Application-based authentication in Teams PowerShell Module (/MicrosoftTeams/teams-powershell-application-authentication).</maml:para>
        </maml:description>
        <command:parameterValue required="true" variableLength="false">String</command:parameterValue>
        <dev:type>
          <maml:name>String</maml:name>
          <maml:uri />
        </dev:type>
        <dev:defaultValue>None</dev:defaultValue>
      </command:parameter>
      <command:parameter required="true" variableLength="true" globbing="false" pipelineInput="False" position="named" aliases="CertificateThumbprint">
        <maml:name>Certificate</maml:name>
        <maml:description>
          <maml:para>Specifies the certificate that is used for application-based authentication. A valid value is the X509Certificate2 object value of the certificate.</maml:para>
          <maml:para>This parameter has been introduced with version 4.9.2-preview. For more information about application-based authentication and supported cmdlets, see Application-based authentication in Teams PowerShell Module (/MicrosoftTeams/teams-powershell-application-authentication).</maml:para>
        </maml:description>
        <command:parameterValue required="true" variableLength="false">X509Certificate2</command:parameterValue>
        <dev:type>
          <maml:name>X509Certificate2</maml:name>
          <maml:uri />
        </dev:type>
        <dev:defaultValue>None</dev:defaultValue>
      </command:parameter>
      <command:parameter required="true" variableLength="true" globbing="false" pipelineInput="False" position="named" aliases="none">
        <maml:name>CertificateThumbprint</maml:name>
        <maml:description>
          <maml:para>Specifies the certificate thumbprint of a digital public key X.509 certificate of an application that has permission to perform this action.</maml:para>
          <maml:para>This parameter has been reintroduced with version 4.7.1-preview. For more information about Application-based authentication and supported cmdlets, see Application-based authentication in Teams PowerShell Module (/MicrosoftTeams/teams-powershell-application-authentication).</maml:para>
        </maml:description>
        <command:parameterValue required="true" variableLength="false">String</command:parameterValue>
        <dev:type>
          <maml:name>String</maml:name>
          <maml:uri />
        </dev:type>
        <dev:defaultValue>None</dev:defaultValue>
      </command:parameter>
      <command:parameter required="false" variableLength="true" globbing="false" pipelineInput="False" position="named" aliases="cf">
        <maml:name>Confirm</maml:name>
        <maml:description>
          <maml:para>Prompts you for confirmation before running the cmdlet.</maml:para>
        </maml:description>
        <command:parameterValue required="false" variableLength="false">SwitchParameter</command:parameterValue>
        <dev:type>
          <maml:name>SwitchParameter</maml:name>
          <maml:uri />
        </dev:type>
        <dev:defaultValue>False</dev:defaultValue>
      </command:parameter>
      <command:parameter required="false" variableLength="true" globbing="false" pipelineInput="False" position="named" aliases="none">
        <maml:name>Credential</maml:name>
        <maml:description>
          <maml:para>Specifies a PSCredential object. For more information about the PSCredential object, type Get-Help Get-Credential.</maml:para>
          <maml:para>The PSCredential object provides the user ID and password for organizational ID credentials.</maml:para>
        </maml:description>
        <command:parameterValue required="true" variableLength="false">PSCredential</command:parameterValue>
        <dev:type>
          <maml:name>PSCredential</maml:name>
          <maml:uri />
        </dev:type>
        <dev:defaultValue>None</dev:defaultValue>
      </command:parameter>
      <command:parameter required="false" variableLength="true" globbing="false" pipelineInput="False" position="named" aliases="none">
        <maml:name>LogFilePath</maml:name>
        <maml:description>
          <maml:para>The path where the log file for this PowerShell session is written to. Provide a value here if you need to deviate from the default PowerShell log file location.</maml:para>
        </maml:description>
        <command:parameterValue required="true" variableLength="false">String</command:parameterValue>
        <dev:type>
          <maml:name>String</maml:name>
          <maml:uri />
        </dev:type>
        <dev:defaultValue>None</dev:defaultValue>
      </command:parameter>
      <command:parameter required="false" variableLength="true" globbing="false" pipelineInput="False" position="named" aliases="none">
        <maml:name>LogLevel</maml:name>
        <maml:description>
          <maml:para>Specifies the log level.  The acceptable values for this parameter are:</maml:para>
          <maml:para>- Info</maml:para>
          <maml:para>- Error</maml:para>
          <maml:para>- Warning</maml:para>
          <maml:para>- None</maml:para>
          <maml:para></maml:para>
          <maml:para>The default value is Info.</maml:para>
        </maml:description>
        <command:parameterValue required="true" variableLength="false">LogLevel</command:parameterValue>
        <dev:type>
          <maml:name>LogLevel</maml:name>
          <maml:uri />
        </dev:type>
        <dev:defaultValue>None</dev:defaultValue>
      </command:parameter>
      <command:parameter required="false" variableLength="true" globbing="false" pipelineInput="False" position="named" aliases="none">
        <maml:name>MsAccessToken (Removed from version 2.3.2-preview)</maml:name>
        <maml:description>
          <maml:para>Specifies a Microsoft Graph access token. &gt; [!WARNING] &gt;This parameter has been removed from version 2.3.2-preview.</maml:para>
        </maml:description>
        <command:parameterValue required="true" variableLength="false">String</command:parameterValue>
        <dev:type>
          <maml:name>String</maml:name>
          <maml:uri />
        </dev:type>
        <dev:defaultValue>None</dev:defaultValue>
      </command:parameter>
      <command:parameter required="false" variableLength="true" globbing="false" pipelineInput="False" position="named" aliases="Domain, TenantDomain">
        <maml:name>TenantId</maml:name>
        <maml:description>
          <maml:para>Specifies the ID of a tenant.</maml:para>
          <maml:para>If you do not specify this parameter, the account is authenticated with the home tenant.</maml:para>
          <maml:para>You must specify the TenantId parameter to authenticate as a service principal or when using Microsoft account.</maml:para>
        </maml:description>
        <command:parameterValue required="true" variableLength="false">String</command:parameterValue>
        <dev:type>
          <maml:name>String</maml:name>
          <maml:uri />
        </dev:type>
        <dev:defaultValue>None</dev:defaultValue>
      </command:parameter>
      <command:parameter required="false" variableLength="true" globbing="false" pipelineInput="False" position="named" aliases="wi">
        <maml:name>WhatIf</maml:name>
        <maml:description>
          <maml:para>Shows what would happen if the cmdlet runs. The cmdlet is not run.</maml:para>
        </maml:description>
        <command:parameterValue required="false" variableLength="false">SwitchParameter</command:parameterValue>
        <dev:type>
          <maml:name>SwitchParameter</maml:name>
          <maml:uri />
        </dev:type>
        <dev:defaultValue>False</dev:defaultValue>
      </command:parameter>
      <command:parameter required="false" variableLength="true" globbing="false" pipelineInput="False" position="named" aliases="none">
        <maml:name>TeamsEnvironmentName</maml:name>
        <maml:description>
          <maml:para>Specifies the Teams environment. The following environments are supported:</maml:para>
          <maml:para>   - Commercial or GCC environments: Don't use this parameter, this is the default.     - GCC High environment: TeamsGCCH    - DoD environment: TeamsDOD    - Microsoft Teams operated by 21Vianet: TeamsChina</maml:para>
        </maml:description>
        <command:parameterValue required="true" variableLength="false">String</command:parameterValue>
        <dev:type>
          <maml:name>String</maml:name>
          <maml:uri />
        </dev:type>
        <dev:defaultValue>None</dev:defaultValue>
      </command:parameter>
      <command:parameter required="true" variableLength="true" globbing="false" pipelineInput="False" position="named" aliases="MSI, ManagedService">
        <maml:name>Identity</maml:name>
        <maml:description>
          <maml:para>Login using managed service identity in the current environment. For *-Cs cmdlets, this is supported from version 5.8.1-preview onwards. </maml:para>
          <maml:para>&gt; [!Note] &gt; This is currently only supported in commercial environments. A few cmdlets (/MicrosoftTeams/teams-powershell-application-authentication#cmdlets-supported)that don't support application-based authentication are not supported either.</maml:para>
        </maml:description>
        <command:parameterValue required="false" variableLength="false">SwitchParameter</command:parameterValue>
        <dev:type>
          <maml:name>SwitchParameter</maml:name>
          <maml:uri />
        </dev:type>
        <dev:defaultValue>False</dev:defaultValue>
      </command:parameter>
      <command:parameter required="false" variableLength="true" globbing="false" pipelineInput="False" position="named" aliases="none">
        <maml:name>ManagedServiceHostName</maml:name>
        <maml:description>
          <maml:para>Host name for managed service login.</maml:para>
        </maml:description>
        <command:parameterValue required="true" variableLength="false">String</command:parameterValue>
        <dev:type>
          <maml:name>String</maml:name>
          <maml:uri />
        </dev:type>
        <dev:defaultValue>None</dev:defaultValue>
      </command:parameter>
      <command:parameter required="false" variableLength="true" globbing="false" pipelineInput="False" position="named" aliases="none">
        <maml:name>ManagedServicePort</maml:name>
        <maml:description>
          <maml:para>Port number for managed service login.</maml:para>
        </maml:description>
        <command:parameterValue required="true" variableLength="false">Int32</command:parameterValue>
        <dev:type>
          <maml:name>Int32</maml:name>
          <maml:uri />
        </dev:type>
        <dev:defaultValue>None</dev:defaultValue>
      </command:parameter>
      <command:parameter required="false" variableLength="true" globbing="false" pipelineInput="False" position="named" aliases="none">
        <maml:name>ManagedServiceSecret</maml:name>
        <maml:description>
          <maml:para>Secret, used for some kinds of managed service login.</maml:para>
        </maml:description>
        <command:parameterValue required="true" variableLength="false">SecureString</command:parameterValue>
        <dev:type>
          <maml:name>SecureString</maml:name>
          <maml:uri />
        </dev:type>
        <dev:defaultValue>None</dev:defaultValue>
      </command:parameter>
      <command:parameter required="false" variableLength="true" globbing="false" pipelineInput="False" position="named" aliases="none">
        <maml:name>UseDeviceAuthentication</maml:name>
        <maml:description>
          <maml:para>Use device code authentication instead of a browser control.</maml:para>
        </maml:description>
        <command:parameterValue required="false" variableLength="false">SwitchParameter</command:parameterValue>
        <dev:type>
          <maml:name>SwitchParameter</maml:name>
          <maml:uri />
        </dev:type>
        <dev:defaultValue>False</dev:defaultValue>
      </command:parameter>
    </command:parameters>
    <command:inputTypes />
    <command:returnValues />
    <maml:alertSet>
      <maml:alert>
        <maml:para></maml:para>
      </maml:alert>
    </maml:alertSet>
    <command:examples>
      <command:example>
        <maml:title>------------- Example 1: Connect to MicrosoftTeams -------------</maml:title>
        <dev:code>Connect-MicrosoftTeams
Account                 Environment    Tenant                                TenantId                         
-------                 -----------  ------------------------------------  ------------------------------------
user@contoso.com        AzureCloud   xxxxxxxx-xxxx-xxxx-xxxx-xxxxxxxxxxxx  xxxxxxxx-xxxx-xxxx-xxxx-xxxxxxxxxxxx</dev:code>
        <dev:remarks>
          <maml:para></maml:para>
        </dev:remarks>
      </command:example>
      <command:example>
        <maml:title>------------- Example 2: Connect to MicrosoftTeams -------------</maml:title>
        <dev:code>$credential = Get-Credential
Connect-MicrosoftTeams -Credential $credential
Account                 Environment    Tenant                                TenantId                         
-------                 -----------  ------------------------------------  ------------------------------------
user@contoso.com        AzureCloud   xxxxxxxx-xxxx-xxxx-xxxx-xxxxxxxxxxxx  xxxxxxxx-xxxx-xxxx-xxxx-xxxxxxxxxxxx</dev:code>
        <dev:remarks>
          <maml:para></maml:para>
        </dev:remarks>
      </command:example>
      <command:example>
        <maml:title>Example 3: Connect to MicrosoftTeams in a specific environment</maml:title>
        <dev:code>Connect-MicrosoftTeams -TeamsEnvironmentName TeamsGCCH
Account                 Environment    Tenant                                TenantId                         
-------                 -----------  ------------------------------------  ------------------------------------
user@contoso.com        TeamsGCCH   xxxxxxxx-xxxx-xxxx-xxxx-xxxxxxxxxxxx  xxxxxxxx-xxxx-xxxx-xxxx-xxxxxxxxxxxx</dev:code>
        <dev:remarks>
          <maml:para></maml:para>
        </dev:remarks>
      </command:example>
      <command:example>
        <maml:title>Example 4: Connect to MicrosoftTeams using a certificate thumbprint</maml:title>
        <dev:code>Connect-MicrosoftTeams -CertificateThumbprint "XXXXXXXXXXXXXXXXXXXXXXXXXXXXXXXXXXXXXXXX" -ApplicationId "00000000-0000-0000-0000-000000000000" -TenantId "YYYYYYYY-YYYY-YYYY-YYYY-YYYYYYYYYYYY"</dev:code>
        <dev:remarks>
          <maml:para></maml:para>
        </dev:remarks>
      </command:example>
      <command:example>
        <maml:title>Example 5: Connect to MicrosoftTeams using a certificate object</maml:title>
        <dev:code>$cert = New-Object System.Security.Cryptography.X509Certificates.X509Certificate2("C:\exampleCert.pfx",$password)
Connect-MicrosoftTeams -Certificate $cert -ApplicationId "00000000-0000-0000-0000-000000000000" -TenantId "YYYYYYYY-YYYY-YYYY-YYYY-YYYYYYYYYYYY"</dev:code>
        <dev:remarks>
          <maml:para></maml:para>
        </dev:remarks>
      </command:example>
      <command:example>
        <maml:title>Example 6: Connect to MicrosoftTeams using Application-based Access Tokens</maml:title>
        <dev:code>$ClientSecret   = "..."
$ApplicationID = "00000000-0000-0000-0000-000000000000"
$TenantID = "YYYYYYYY-YYYY-YYYY-YYYY-YYYYYYYYYYYY"

$graphtokenBody = @{   
   Grant_Type    = "client_credentials"   
   Scope         = "https://graph.microsoft.com/.default"   
   Client_Id     = $ApplicationID   
   Client_Secret = $ClientSecret   
}  

$graphToken = Invoke-RestMethod -Uri "https://login.microsoftonline.com/$TenantID/oauth2/v2.0/token" -Method POST -Body $graphtokenBody | Select-Object -ExpandProperty Access_Token 

$teamstokenBody = @{   
   Grant_Type    = "client_credentials"   
   Scope         = "48ac35b8-9aa8-4d74-927d-1f4a14a0b239/.default"   
   Client_Id     = $ApplicationID   
   Client_Secret = $ClientSecret 
} 

$teamsToken = Invoke-RestMethod -Uri "https://login.microsoftonline.com/$TenantID/oauth2/v2.0/token" -Method POST -Body $teamstokenBody | Select-Object -ExpandProperty Access_Token 

Connect-MicrosoftTeams -AccessTokens @("$graphToken", "$teamsToken")</dev:code>
        <dev:remarks>
          <maml:para></maml:para>
        </dev:remarks>
      </command:example>
      <command:example>
        <maml:title>Example 7: Connect to MicrosoftTeams using Access Tokens in the delegated flow</maml:title>
        <dev:code>$ClientID = "xxxxxxxx-xxxx-xxxx-xxxx-xxxxxxxxxxxx"
$ClientSecret = "..."
$ClientSecret = [Net.WebUtility]::URLEncode($ClientSecret)
$TenantID = "xxxxxxxx-xxxx-xxxx-xxxx-xxxxxxxxxxxx"
$Username = "user@contoso.onmicrosoft.com"
$Password = "..."
$Password = [Net.WebUtility]::URLEncode($Password)

$URI = "https://login.microsoftonline.com/$TenantID/oauth2/v2.0/token"
$Body = "client_id=$ClientID&amp;client_secret=$ClientSecret&amp;grant_type=password&amp;username=$Username&amp;password=$Password"
$RequestParameters = @{
  URI = $URI
  Method = "POST"
  ContentType = "application/x-www-form-urlencoded"
}
$GraphToken = (Invoke-RestMethod @RequestParameters -Body "$Body&amp;scope=https://graph.microsoft.com/.default").access_token
$TeamsToken = (Invoke-RestMethod @RequestParameters -Body "$Body&amp;scope=48ac35b8-9aa8-4d74-927d-1f4a14a0b239/.default").access_token
Connect-MicrosoftTeams -AccessTokens @($GraphToken, $TeamsToken)

Account                 Environment    Tenant                                TenantId                         
-------                 -----------  ------------------------------------  ------------------------------------
user@contoso.com        AzureCloud   xxxxxxxx-xxxx-xxxx-xxxx-xxxxxxxxxxxx  xxxxxxxx-xxxx-xxxx-xxxx-xxxxxxxxxxxx</dev:code>
        <dev:remarks>
          <maml:para></maml:para>
        </dev:remarks>
      </command:example>
    </command:examples>
    <command:relatedLinks>
      <maml:navigationLink>
        <maml:linkText>Online Version:</maml:linkText>
        <maml:uri>https://learn.microsoft.com/powershell/module/teams/connect-microsoftteams</maml:uri>
      </maml:navigationLink>
    </command:relatedLinks>
  </command:command>
  <command:command xmlns:maml="http://schemas.microsoft.com/maml/2004/10" xmlns:command="http://schemas.microsoft.com/maml/dev/command/2004/10" xmlns:dev="http://schemas.microsoft.com/maml/dev/2004/10" xmlns:MSHelp="http://msdn.microsoft.com/mshelp">
    <command:details>
      <command:name>Disconnect-MicrosoftTeams</command:name>
      <command:verb>Disconnect</command:verb>
      <command:noun>MicrosoftTeams</command:noun>
      <maml:description>
        <maml:para></maml:para>
      </maml:description>
    </command:details>
    <maml:description>
      <maml:para></maml:para>
    </maml:description>
    <command:syntax>
      <command:syntaxItem>
        <maml:name>Disconnect-MicrosoftTeams</maml:name>
        <command:parameter required="false" variableLength="true" globbing="false" pipelineInput="False" position="named" aliases="wi">
          <maml:name>WhatIf</maml:name>
          <maml:description>
            <maml:para>Simulates what would happen if the cmdlet is run.  The cmdlet is not run.</maml:para>
          </maml:description>
          <dev:type>
            <maml:name>SwitchParameter</maml:name>
            <maml:uri />
          </dev:type>
          <dev:defaultValue>False</dev:defaultValue>
        </command:parameter>
        <command:parameter required="false" variableLength="true" globbing="false" pipelineInput="False" position="named" aliases="cf">
          <maml:name>Confirm</maml:name>
          <maml:description>
            <maml:para>Proactively accepts any confirmation prompts.</maml:para>
          </maml:description>
          <dev:type>
            <maml:name>SwitchParameter</maml:name>
            <maml:uri />
          </dev:type>
          <dev:defaultValue>False</dev:defaultValue>
        </command:parameter>
      </command:syntaxItem>
    </command:syntax>
    <command:parameters>
      <command:parameter required="false" variableLength="true" globbing="false" pipelineInput="False" position="named" aliases="wi">
        <maml:name>WhatIf</maml:name>
        <maml:description>
          <maml:para>Simulates what would happen if the cmdlet is run.  The cmdlet is not run.</maml:para>
        </maml:description>
        <command:parameterValue required="false" variableLength="false">SwitchParameter</command:parameterValue>
        <dev:type>
          <maml:name>SwitchParameter</maml:name>
          <maml:uri />
        </dev:type>
        <dev:defaultValue>False</dev:defaultValue>
      </command:parameter>
      <command:parameter required="false" variableLength="true" globbing="false" pipelineInput="False" position="named" aliases="cf">
        <maml:name>Confirm</maml:name>
        <maml:description>
          <maml:para>Proactively accepts any confirmation prompts.</maml:para>
        </maml:description>
        <command:parameterValue required="false" variableLength="false">SwitchParameter</command:parameterValue>
        <dev:type>
          <maml:name>SwitchParameter</maml:name>
          <maml:uri />
        </dev:type>
        <dev:defaultValue>False</dev:defaultValue>
      </command:parameter>
    </command:parameters>
    <command:inputTypes />
    <command:returnValues />
    <maml:alertSet>
      <maml:alert>
        <maml:para></maml:para>
      </maml:alert>
    </maml:alertSet>
    <command:examples>
      <command:example>
        <maml:title>-------------------------- Example 1 --------------------------</maml:title>
        <dev:code>PS C:\&gt; Disconnect-MicrosoftTeams</dev:code>
        <dev:remarks>
          <maml:para>Disconnects from the Microsoft Teams environment.</maml:para>
        </dev:remarks>
      </command:example>
    </command:examples>
    <command:relatedLinks>
      <maml:navigationLink>
        <maml:linkText>Online Version:</maml:linkText>
        <maml:uri>https://learn.microsoft.com/powershell/module/teams/disconnect-microsoftteams</maml:uri>
      </maml:navigationLink>
    </command:relatedLinks>
  </command:command>
  <command:command xmlns:maml="http://schemas.microsoft.com/maml/2004/10" xmlns:command="http://schemas.microsoft.com/maml/dev/command/2004/10" xmlns:dev="http://schemas.microsoft.com/maml/dev/2004/10" xmlns:MSHelp="http://msdn.microsoft.com/mshelp">
    <command:details>
      <command:name>Set-TeamsEnvironmentConfig</command:name>
      <command:verb>Set</command:verb>
      <command:noun>TeamsEnvironmentConfig</command:noun>
      <maml:description>
        <maml:para>Sets environment-specific configurations on the local machine and is used to connect to the right environment when running Connect-MicrosoftTeams.</maml:para>
      </maml:description>
    </command:details>
    <maml:description>
      <maml:para>This cmdlet sets environment-specific configurations like endpoint URIs(such as Microsoft Entra ID and Microsoft Graph) and Teams environment (such as GCCH and DOD) on the local machine.
When running Connect-MicrosoftTeams, environment-specific information set in this cmdlet will be considered unless overridden by Connect-MicrosoftTeams parameters.</maml:para>
      <maml:para>Parameters passed to Connect-MicrosoftTeams will take precedence over the information set by this cmdlet. </maml:para>
      <maml:para>Clear-TeamsEnvironmentConfig should not be used in Commercial, GCC, GCC High, or DoD environments.</maml:para>
    </maml:description>
    <command:syntax>
      <command:syntaxItem>
        <maml:name>Set-TeamsEnvironmentConfig</maml:name>
        <command:parameter required="false" variableLength="true" globbing="false" pipelineInput="False" position="named" aliases="cf">
          <maml:name>Confirm</maml:name>
          <maml:description>
            <maml:para>Prompts you for confirmation before running the cmdlet.</maml:para>
          </maml:description>
          <dev:type>
            <maml:name>SwitchParameter</maml:name>
            <maml:uri />
          </dev:type>
          <dev:defaultValue>False</dev:defaultValue>
        </command:parameter>
        <command:parameter required="false" variableLength="true" globbing="false" pipelineInput="False" position="named" aliases="none">
          <maml:name>EndpointUris</maml:name>
          <maml:description>
            <maml:para>Provides custom endpoints.</maml:para>
          </maml:description>
          <command:parameterValue required="true" variableLength="false">Hashtable</command:parameterValue>
          <dev:type>
            <maml:name>Hashtable</maml:name>
            <maml:uri />
          </dev:type>
          <dev:defaultValue>None</dev:defaultValue>
        </command:parameter>
        <command:parameter required="false" variableLength="true" globbing="false" pipelineInput="False" position="named" aliases="none">
          <maml:name>TeamsEnvironmentName</maml:name>
          <maml:description>
            <maml:para>Provides a Teams environment to connect to, for example, Teams GCCH or Teams DoD.</maml:para>
          </maml:description>
          <command:parameterValue required="true" variableLength="false">String</command:parameterValue>
          <dev:type>
            <maml:name>String</maml:name>
            <maml:uri />
          </dev:type>
          <dev:defaultValue>None</dev:defaultValue>
        </command:parameter>
        <command:parameter required="false" variableLength="true" globbing="false" pipelineInput="False" position="named" aliases="wi">
          <maml:name>WhatIf</maml:name>
          <maml:description>
            <maml:para>Shows what would happen if the cmdlet runs. The cmdlet is not run.</maml:para>
          </maml:description>
          <dev:type>
            <maml:name>SwitchParameter</maml:name>
            <maml:uri />
          </dev:type>
          <dev:defaultValue>False</dev:defaultValue>
        </command:parameter>
      </command:syntaxItem>
    </command:syntax>
    <command:parameters>
      <command:parameter required="false" variableLength="true" globbing="false" pipelineInput="False" position="named" aliases="cf">
        <maml:name>Confirm</maml:name>
        <maml:description>
          <maml:para>Prompts you for confirmation before running the cmdlet.</maml:para>
        </maml:description>
        <command:parameterValue required="false" variableLength="false">SwitchParameter</command:parameterValue>
        <dev:type>
          <maml:name>SwitchParameter</maml:name>
          <maml:uri />
        </dev:type>
        <dev:defaultValue>False</dev:defaultValue>
      </command:parameter>
      <command:parameter required="false" variableLength="true" globbing="false" pipelineInput="False" position="named" aliases="none">
        <maml:name>EndpointUris</maml:name>
        <maml:description>
          <maml:para>Provides custom endpoints.</maml:para>
        </maml:description>
        <command:parameterValue required="true" variableLength="false">Hashtable</command:parameterValue>
        <dev:type>
          <maml:name>Hashtable</maml:name>
          <maml:uri />
        </dev:type>
        <dev:defaultValue>None</dev:defaultValue>
      </command:parameter>
      <command:parameter required="false" variableLength="true" globbing="false" pipelineInput="False" position="named" aliases="none">
        <maml:name>TeamsEnvironmentName</maml:name>
        <maml:description>
          <maml:para>Provides a Teams environment to connect to, for example, Teams GCCH or Teams DoD.</maml:para>
        </maml:description>
        <command:parameterValue required="true" variableLength="false">String</command:parameterValue>
        <dev:type>
          <maml:name>String</maml:name>
          <maml:uri />
        </dev:type>
        <dev:defaultValue>None</dev:defaultValue>
      </command:parameter>
      <command:parameter required="false" variableLength="true" globbing="false" pipelineInput="False" position="named" aliases="wi">
        <maml:name>WhatIf</maml:name>
        <maml:description>
          <maml:para>Shows what would happen if the cmdlet runs. The cmdlet is not run.</maml:para>
        </maml:description>
        <command:parameterValue required="false" variableLength="false">SwitchParameter</command:parameterValue>
        <dev:type>
          <maml:name>SwitchParameter</maml:name>
          <maml:uri />
        </dev:type>
        <dev:defaultValue>False</dev:defaultValue>
      </command:parameter>
    </command:parameters>
    <command:inputTypes>
      <command:inputType>
        <dev:type>
          <maml:name>None</maml:name>
        </dev:type>
        <maml:description>
          <maml:para></maml:para>
        </maml:description>
      </command:inputType>
    </command:inputTypes>
    <command:returnValues>
      <command:returnValue>
        <dev:type>
          <maml:name>System.Object</maml:name>
        </dev:type>
        <maml:description>
          <maml:para></maml:para>
        </maml:description>
      </command:returnValue>
    </command:returnValues>
    <maml:alertSet>
      <maml:alert>
        <maml:para>Set-TeamsEnvironmentConfig should not be used in Commercial, GCC, GCC High, or DoD environments.</maml:para>
      </maml:alert>
    </maml:alertSet>
    <command:examples>
      <command:example>
        <maml:title>-------------------------- Example 1 --------------------------</maml:title>
        <dev:code>PS C:\&gt; Set-TeamsEnvironmentConfig -TeamsEnvironmentName TeamsChina</dev:code>
        <dev:remarks>
          <maml:para>Sets the environment as Gallatin China on a local machine and when Connect-MicrosoftTeams is run, authentication will happen in the Gallatin China cloud and Microsoft Teams module will connect to the Gallatin environment.</maml:para>
        </dev:remarks>
      </command:example>
      <command:example>
        <maml:title>-------------------------- Example 2 --------------------------</maml:title>
        <dev:code>$endPointUriDict = @{ActiveDirectory = 'https://login.microsoftonline.us/';MsGraphEndpointResourceId = 'https://graph.microsoft.us'}
Set-TeamsEnvironmentConfig -TeamsEnvironmentName $endPointUriDict</dev:code>
        <dev:remarks>
          <maml:para>Sets endpoint URIs required for special clouds.</maml:para>
        </dev:remarks>
      </command:example>
      <command:example>
        <maml:title>-------------------------- Example 3 --------------------------</maml:title>
        <dev:code>Set-TeamsEnvironmentConfig -TeamsEnvironmentName TeamsChina

$cred=get-credential
Move-CsUser -Identity "PilarA@contoso.com" -Target "sipfed.online.lync.com" -Credential $cred</dev:code>
        <dev:remarks>
          <maml:para>This cmdlet is mainly introduced to support Skype for Business to Microsoft Teams user migration using Move-CsUser. </maml:para>
          <maml:para>This example shows how tenant admins can run Move-CsUser in Gallatin and other special clouds after setting the environment configuration using Set-TeamsEnvironmentConfig.</maml:para>
          <maml:para>Note that Set-TeamsEnvironmentConfig needs to be run only once for each machine. There is no need to run it each time before running Move-CsUser.</maml:para>
        </dev:remarks>
      </command:example>
    </command:examples>
    <command:relatedLinks />
  </command:command>
</helpItems>